"COVID-19 vaccine should be offered free of cost to everyone, says Narayana Murthy",https://www.moneycontrol.com/news/current-affairs/covid-19-vaccine-should-be-offered-freecost-to-everyone-says-narayana-murthy_14510201.html,18 Nov 2020,4.05 pm
Accumulate Infosys; target of Rs 1270: Dolat Capital Market,https://www.moneycontrol.com/news/recommendations/accumulate-infosys-targetrs-1270-dolat-capital-market_14509001.html,18 Nov 2020,12.11 pm
Technical picks: Top 10 stocks that could give 10-26% returns in next 12 months,https://www.moneycontrol.com/news/market-outlook/technical-picks-top-10-stocks-that-could-give-10-26-returnsnext-12-months_14508341.html,18 Nov 2020,9.48 am
"We are close to 63% visa-independent in US; over 50% in Europe, Australia-New Zealand: Infosys",https://www.moneycontrol.com/news/business/weclose-to-63-visa-independentus-over-50europe-australia-new-zealand-infosys_14499821.html,15 Nov 2020,11.24 am
Buy Infosys; target of Rs 1355: Motilal Oswal,https://www.moneycontrol.com/news/recommendations/buy-infosys-targetrs-1355-motilal-oswal_14496141.html,13 Nov 2020,3.11 pm
Buy Infosys; target of Rs 1360: Emkay Global Financial,https://www.moneycontrol.com/news/recommendations/buy-infosys-targetrs-1360-emkay-global-financial_14495941.html,13 Nov 2020,3.08 pm
Infosys well positioned to continue its growth: CEO Salil Parekh,https://www.moneycontrol.com/news/business/infosys-well-positioned-to-continue-its-growth-ceo-salil-parekh_14489121.html,11 Nov 2020,11.04 pm
"Nifty likely to see new high in Samvat 2077, bet on these 8 stock ideas",https://www.moneycontrol.com/news/technicals/nifty-likely-to-see-new-highsamvat-2077-betthese-8-stock-ideas_14471341.html,07 Nov 2020,5.10 pm
Have pipeline of potential acquisitions that we’ll continue to pursue: Infosys CEO Salil Parekh,https://www.moneycontrol.com/news/business/have-pipelinepotential-acquisitions-that-we’ll-continue-to-pursue-infosys-ceo-salil-parekh_14428821.html,29 Oct 2020,5.18 pm
Buy Infosys; target of Rs 1319: Geojit,https://www.moneycontrol.com/news/recommendations/buy-infosys-targetrs-1319-geojit_14389281.html,21 Oct 2020,12.11 pm
Experts bullish on these 3 IT stocks; advise buying on dips,https://www.moneycontrol.com/news/market-edge/experts-bullishthese-3-it-stocks-advise-buyingdips_14380541.html,19 Oct 2020,2.10 pm
"Trade Spotlight: Infosys, MindTree and Tech Mahindra in focus",https://www.moneycontrol.com/news/market-outlook/trade-spotlight-infosys-mindtreetech-mahindrafocus_14371381.html,16 Oct 2020,8.35 am
Hold Infosys; target of Rs 1247: Arihant Capital,https://www.moneycontrol.com/news/recommendations/hold-infosys-targetrs-1247-arihant-capital_14370061.html,15 Oct 2020,5.24 pm
Buy Infosys; target of Rs 1350: ICICI Direct,https://www.moneycontrol.com/news/recommendations/buy-infosys-targetrs-1350-icici-direct_14369701.html,15 Oct 2020,3.43 pm
Buy Infosys; target of Rs 1360: Emkay Global Financial,https://www.moneycontrol.com/news/recommendations/buy-infosys-targetrs-1360-emkay-global-financial_14369381.html,15 Oct 2020,3.04 pm
Buy Infosys; target of Rs 1230: HDFC Securities,https://www.moneycontrol.com/news/recommendations/buy-infosys-targetrs-1230-hdfc-securities_14369221.html,15 Oct 2020,2.08 pm
Buy Infosys; target of Rs 1355: Motilal Oswal,https://www.moneycontrol.com/news/recommendations/buy-infosys-targetrs-1355-motilal-oswal_14368741.html,15 Oct 2020,1.04 pm
"Infosys Standalone September 2020 Net Sales at Rs 21,046.00 crore, up 7.02% Y-o-Y",https://www.moneycontrol.com/news/results/infosys-standalone-september-2020-net-sales-at-rs-2104600-crore702-y-o-y_14369061.html,15 Oct 2020,1.00 pm
"Infosys Consolidated September 2020 Net Sales at Rs 24,570.00 crore, up 8.58% Y-o-Y",https://www.moneycontrol.com/news/results/infosys-consolidated-september-2020-net-sales-at-rs-2457000-crore858-y-o-y_14369441.html,15 Oct 2020,1.00 pm
Buy Infosys; target of Rs 1436: Prabhudas Lilladher,https://www.moneycontrol.com/news/recommendations/buy-infosys-targetrs-1436-prabhudas-lilladher_14368461.html,15 Oct 2020,11.31 am
Accumulate Infosys; target of Rs 1270: Dolat Capital Market,https://www.moneycontrol.com/news/recommendations/accumulate-infosys-targetrs-1270-dolat-capital-market_14368361.html,15 Oct 2020,11.17 am
Buy Infosys; target of Rs 1350: Sharekhan,https://www.moneycontrol.com/news/recommendations/buy-infosys-targetrs-1350-sharekhan_14368221.html,15 Oct 2020,10.20 am
"Infosys share price erase early gains, slips 3%; check out what brokerages say",https://www.moneycontrol.com/news/buzzing-stocks/infosys-share-price-erase-early-gains-slips-3-check-outbrokerages-say_14367961.html,15 Oct 2020,9.39 am
Infosys – a stock to add on every decline,https://www.moneycontrol.com/news/business/infosys-–stock-to-addevery-decline_14367841.html,15 Oct 2020,8.58 am
US visa dependency needs to come down to combat regulatory changes: Infosys COO,https://www.moneycontrol.com/news/business/us-visa-dependency-needs-to-come-down-to-combat-regulatory-changes-infosys-coo_14367441.html,14 Oct 2020,10.38 pm
"Infosys plans to hire 15,000 freshers next year, rolls out salary hikes effective January 2021",https://www.moneycontrol.com/news/business/infosys-plans-to-hire-15000-freshers-next-year-rolls-out-salary-hikes-effective-january-2021_14367061.html,14 Oct 2020,8.09 pm
"Infosys beats street estimates, 6 takeaways from Q2 scorecard",https://www.moneycontrol.com/news/results/infosys-beats-street-estimates-6-takeawaysq2-scorecard_14366401.html,14 Oct 2020,5.19 pm
"Infosys Q2 beats estimates with 14.4% profit growth; company raises full year revenue, margin guidance",https://www.moneycontrol.com/news/results/infosys-q2-beats-estimates144-profit-growth-company-raises-full-year-revenue-margin-guidance_14365961.html,14 Oct 2020,4.15 pm
Infosys share price dips 2% ahead of Q2 earnings,https://www.moneycontrol.com/news/buzzing-stocks/infosys-share-price-dips-2-aheadq2-earnings_14364701.html,14 Oct 2020,10.11 am
"Infosys Q2 preview: Dollar revenue growth seen around 4% on large deals, recovery in BFSI",https://www.moneycontrol.com/news/result-poll/infosys-q2-preview-dollar-revenue-growth-seen-around-4large-deals-recoverybfsi_14364101.html,14 Oct 2020,7.35 am
Buy Infosys; target of Rs 1300: Sharekhan,https://www.moneycontrol.com/news/recommendations/buy-infosys-targetrs-1300-sharekhan_14361381.html,13 Oct 2020,11.05 am
Quant Pick - Infosys: ICICI Direct,https://www.moneycontrol.com/news/recommendations/quant-pick-infosys-icici-direct_14242521.html,03 Sep 2020,4.18 pm
Buy Infosys; target of Rs 1018: Geojit,https://www.moneycontrol.com/news/recommendations/buy-infosys-targetrs-1018-geojit_14063721.html,21 Jul 2020,6.00 pm
Buy Infosys; target of Rs 1000: ICICI Direct,https://www.moneycontrol.com/news/recommendations/buy-infosys-targetrs-1000-icici-direct_14057281.html,20 Jul 2020,1.15 pm
Buy Infosys ; target of Rs 1050: Motilal Oswal,https://www.moneycontrol.com/news/recommendations/buy-infosystargetrs-1050-motilal-oswal_14056601.html,20 Jul 2020,12.14 pm
Accumulate Infosys; target of Rs 900: Dolat Capital,https://www.moneycontrol.com/news/recommendations/accumulate-infosys-targetrs-900-dolat-capital_14056081.html,20 Jul 2020,11.27 am
Buy Infosys; target of Rs 1037: Prabhudas Lilladher,https://www.moneycontrol.com/news/recommendations/buy-infosys-targetrs-1037-prabhudas-lilladher_14051621.html,18 Jul 2020,5.00 pm
Buy Infosys; target of Rs 920: Sharekhan,https://www.moneycontrol.com/news/recommendations/buy-infosys-targetrs-920-sharekhan_14051321.html,18 Jul 2020,4.07 pm
"Infosys Standalone June 2020 Net Sales at Rs 20,325.00 crore, up 6.24% Y-o-Y",https://www.moneycontrol.com/news/results/infosys-standalone-june-2020-net-sales-at-rs-2032500-crore624-y-o-y_14043661.html,16 Jul 2020,9.25 am
"Infosys Consolidated June 2020 Net Sales at Rs 23,665.00 crore, up 8.54% Y-o-Y",https://www.moneycontrol.com/news/results/infosys-consolidated-june-2020-net-sales-at-rs-2366500-crore854-y-o-y_14043481.html,16 Jul 2020,9.25 am
Infosys to acquire Blue Acorn iCi for up to $125 million,https://www.moneycontrol.com/news/business/infosys-to-acquire-blue-acorn-ici-forto-36125-million_14348861.html,08 Oct 2020,6.05 pm
"Looking for a job? There are 93,500 openings in this field",https://www.moneycontrol.com/news/business/looking-forjob-there93500-openingsthis-field_14344921.html,07 Oct 2020,5.23 pm
"Trade Spotlight: TCS, Wipro and Infosys in focus as they hit 52-week high",https://www.moneycontrol.com/news/market-outlook/trade-spotlight-tcs-wiproinfosysfocus-as-they-hit-52-week-high_14339301.html,06 Oct 2020,8.23 am
"JM Financial expects IT stocks to remain resiliant; Infosys, HCL Tech, TechM top picks",https://www.moneycontrol.com/news/it/jm-financial-expects-it-stocks-to-remain-resiliant-infosys-hcl-tech-techm-top-picks_14326161.html,01 Oct 2020,12.16 pm
Indian IT firms should focus on proactive problem recognition and solution mindset: Narayana Murthy,https://www.moneycontrol.com/news/business/indian-it-firms-should-focusproactive-problem-recognitionsolution-mindset-narayana-murthy_14296201.html,21 Sep 2020,5.39 pm
Analysts prefer these 5 IT stocks ahead of Q2 earnings,https://www.moneycontrol.com/news/market-edge/analysts-prefer5-it-stocks-aheadq2-earnings_14292041.html,20 Sep 2020,1.41 pm
Infosys to announce Q2 results on October 14,https://www.moneycontrol.com/news/business/infosys-to-announce-q2-resultsoctober-14_14278981.html,15 Sep 2020,7.50 pm
Infosys to acquire GuideVision for up to 30 million euros,https://www.moneycontrol.com/news/business/infosys-to-acquire-guidevision-forto-30-million-euros_14272441.html,14 Sep 2020,11.41 am
Infosys shares rise 4% on acquisition of GuideVision,https://www.moneycontrol.com/news/buzzing-stocks/infosys-shares-rise-4acquisitionguidevision_14272261.html,14 Sep 2020,11.37 am
India's secondary listing plan for firms joining foreign markets irks investors,https://www.moneycontrol.com/news/business/india39s-secondary-listing-plan-for-firms-joining-foreign-markets-irks-investors_14268801.html,12 Sep 2020,4.11 pm
Tech trade group urges India not to accept draft report on non-personal data governance,https://www.moneycontrol.com/news/business/tech-trade-group-urges-india-not-to-accept-draft-reportnon-personal-data-governance_14259321.html,09 Sep 2020,1.41 pm
Infosys acquires US-based Kaleidoscope Innovation for $42 million,https://www.moneycontrol.com/news/business/infosys-acquires-us-based-kaleidoscope-innovation-for-3642-million_14243521.html,03 Sep 2020,8.59 pm
"Infosys to hire 12,000 more in the US by 2022",https://www.moneycontrol.com/news/business/infosys-to-hire-12000-morethe-us-by-2022_14237001.html,01 Sep 2020,8.14 pm
Infosys inks 5-year pact with Genesys ,https://www.moneycontrol.com/news/business/infosys-inks-5-year-pactgenesys,27 Aug 2020,12.13 pm
"FIIs pare stake in 30 stocks with m-cap of over Rs 50,000 crore; time to turn cautious?",https://www.moneycontrol.com/news/market-outlook/fiis-pare-stake30-stocksm-capover-rs-50000-crore-time-to-turn-cautious_14217321.html,26 Aug 2020,2.13 pm
Experts bet on these 18 stocks after Q1 earnings; do you own any?,https://www.moneycontrol.com/news/market-edge/experts-betthese-18-stocks-after-q1-earnings-do-you-own-any_14208921.html,24 Aug 2020,2.27 pm
Top 8 AMCs have these 4 largecaps in their portfolio; do you own any?,https://www.moneycontrol.com/news/market-edge/top-8-amcs-have4-largecapstheir-portfolio-do-you-own-any_14193201.html,19 Aug 2020,11.59 am
"Independence Day advice: Focus on businesses least hit by COVID, these 5 sectors are a good investment",https://www.moneycontrol.com/news/market-outlook/independence-day-advice-focusbusinesses-least-hit-by-covid5-sectors-aregood-investment_14172621.html,14 Aug 2020,1.31 pm
Infosys share rises 1% on order from National Bank of Bahrain,https://www.moneycontrol.com/news/buzzing-stocks/infosys-share-rises-1ordernational-bankbahrain_14119621.html,04 Aug 2020,9.31 am
Apr-Jun earnings reports: The winners and losers of the ‘new normal’,https://www.moneycontrol.com/news/business/apr-jun-earnings-reports-the-winnerslosersthe-‘new-normal’_14114141.html,03 Aug 2020,11.32 am
Infosys selected by Consolidated Edison to digitally transform customer service,https://www.moneycontrol.com/news/business/infosys-selected-by-consolidated-edison-to-digitally-transform-customer-service_14087061.html,27 Jul 2020,4.45 pm
Infosys co-founder SD Shibulal's family sells 85 lakh company shares,https://www.moneycontrol.com/news/business/infosys-co-founder-sd-shibulal39s-family-sells-85-lakh-company-shares_14080381.html,25 Jul 2020,3.29 pm
"IT index new growth driver on D-St! MindTree, Infosys among top 5 stocks to buy now",https://www.moneycontrol.com/news/market-outlook/it-index-new-growth-driverd-st-mindtree-infosys-among-top-5-stocks-to-buy-now_14067101.html,22 Jul 2020,2.00 pm
"IT firms bring back over 2,000 employees stuck overseas due to coronavirus: Report",https://www.moneycontrol.com/news/business/it-firms-bring-back-over-2000-employees-stuck-overseas-due-to-coronavirus-report_14062741.html,21 Jul 2020,2.27 pm
Infosys inks long-term pact with the German firm LANXESS for digital and workplace transformation,https://www.moneycontrol.com/news/business/infosys-inks-long-term-pactthe-german-firm-lanxess-for-digitalworkplace-transformation_14059461.html,20 Jul 2020,7.31 pm
"3 of 10 most valued companies add Rs 98,622.89 crore in mcap; Infosys steals the show",https://www.moneycontrol.com/news/business/310-most-valued-companies-add-rs-9862289-croremcap-infosys-stealsshow_14053101.html,19 Jul 2020,10.14 am
"HCL Tech to suspend wage hikes for FY21 due to COVID-19, hiring to continue",https://www.moneycontrol.com/news/business/hcl-tech-to-suspend-wage-hikes-for-fy21-due-to-covid-19-hiring-to-continue_14047561.html,17 Jul 2020,2.47 pm
Infosys shares soar 15% on stronger-than-expected Q1 earnings,https://www.moneycontrol.com/news/business/infosys-shares-soar-15stronger-than-expected-q1-earnings_14043201.html,16 Jul 2020,12.15 pm
"Buy, sell or hold, what should investors do with Infosys after Q1 results?",https://www.moneycontrol.com/news/buzzing-stocks/buy-sell-or-holdshould-investors-doinfosys-after-q1-results_14042481.html,16 Jul 2020,10.14 am
"Infosys: Stellar quarter, investors can capitalise on a catch-up rally",https://www.moneycontrol.com/news/business/infosys-stellar-quarter-investors-can-capitalise-oncatch-up-rally_14043461.html,16 Jul 2020,9.27 am
Infosys reinstates growth guidance even when its peers haven't. What’s behind this confidence?,https://www.moneycontrol.com/news/business/infosys-reinstates-growth-guidance-even-when-its-peers-haven39t-what’s-behind-this-confidence_14041961.html,15 Jul 2020,10.43 pm
Infosys shares jump 7% ahead of Q1 result; management commentary key things to watch out for,https://www.moneycontrol.com/news/buzzing-stocks/infosys-shares-jump-7-aheadq1-result-management-commentary-key-things-to-watch-out-for_14038581.html,15 Jul 2020,10.09 am
Infosys to announce its Q1 FY21 earnings on July 15,https://www.moneycontrol.com/news/business/infosys-to-announce-its-q1-fy21-earningsjuly-15_14018141.html,08 Jul 2020,9.17 pm
Why revenue per employee in IT firms continues to grow slow despite huge growth in digital,https://www.moneycontrol.com/news/it/why-revenue-per-employeeit-firms-continues-to-grow-slow-despite-huge-growthdigital_14017361.html,08 Jul 2020,6.01 pm
"Infosys Q1 PAT may dip 11.1% Q-o-Q to Rs. 3,852.8 cr: Motilal Oswal",https://www.moneycontrol.com/news/it/infosys-q1-pat-may-dip-111-q-o-q-to-rs-38528-cr-motilal-oswal_14015701.html,08 Jul 2020,12.07 pm
"Infosys brings back over 200 employees, their families from US via chartered flight",https://www.moneycontrol.com/news/business/infosys-brings-back-over-200-employees-their-familiesus-via-chartered-flight_14010981.html,07 Jul 2020,11.02 am
These 2 IT stocks are up 38% from March lows but experts still bullish on them,https://www.moneycontrol.com/news/market-edge/these-2-it-stocksup-38march-lowsexperts-still-bullishthem_14010961.html,07 Jul 2020,11.01 am
Q1 results: Can Indian IT firms manage to duck COVID-19 bouncer?,https://www.moneycontrol.com/news/business/q1-results-can-indian-it-firms-manage-to-duck-covid-19-bouncer_14000901.html,03 Jul 2020,7.23 pm
Hot Stocks | Three short-term trading ideas for 7-18% returns,https://www.moneycontrol.com/news/stocks-views/hot-stocks-|-three-short-term-trading-ideas-for-7-18-returns_13990341.html,02 Jul 2020,7.25 am
COVID-19 impact in Q1 less than what Infosys envisaged: Infosys CEO,https://www.moneycontrol.com/news/business/covid-19-impactq1-less-thaninfosys-envisaged-infosys-ceo_13962761.html,27 Jun 2020,9.26 pm
IBM sees more cloud partnerships with IT firms coming its way,https://www.moneycontrol.com/news/business/ibm-sees-more-cloud-partnershipsit-firms-coming-its-way_13906481.html,15 Jun 2020,7.32 pm
"H-1B worries resurface; Infosys, TCS, Tech Mahindra, HCL Tech, Wipro end in red",https://www.moneycontrol.com/news/buzzing-stocks/h-1b-worries-resurface-infosys-tcs-tech-mahindra-hcl-tech-wipro-endred_13895401.html,12 Jun 2020,2.11 pm
Hot Stocks | Infosys among three short-term trading ideas,https://www.moneycontrol.com/news/technicals/hot-stocks-|-infosys-among-three-short-term-trading-ideas_13893181.html,12 Jun 2020,7.18 am
Infosys headcount up by 166% but electricity consumption by only 20% in one decade,https://www.moneycontrol.com/news/business/infosys-headcountby-166electricity-consumption-by-only-20one-decade_13886701.html,10 Jun 2020,5.03 pm
"Infosys, Celonis ink partnership",https://www.moneycontrol.com/news/business/infosys-celonis-ink-partnership_13875341.html,08 Jun 2020,2.42 pm
"Decisive move below 9,700 can push Nifty around 9,300; Infosys, SBI top buys",https://www.moneycontrol.com/news/technicals/decisive-move-below-9700-can-push-nifty-around-9300-infosys-sbi-top-buys_13870701.html,07 Jun 2020,8.26 am
"Online classes only short-term response, need to make schools resilient to turbulence: Infosys Chairman Nandan Nilekani",https://www.moneycontrol.com/news/business/online-classes-only-short-term-response-need-to-make-schools-resilient-to-turbulence-infosys-chairman-nandan-nilekani_13869941.html,06 Jun 2020,5.13 pm
"Infosys bought stakes worth Rs 3,290 crore in FY20",https://www.moneycontrol.com/news/business/infosys-bought-stakes-worth-rs-3290-crorefy20_13859581.html,04 Jun 2020,11.18 am
"Infosys CEO Salil Parekh is the highest paid IT CEO in FY20 compared to Wipro, TCS",https://www.moneycontrol.com/news/business/infosys-ceo-salil-parekh-ishighest-paid-it-ceofy20-compared-to-wipro-tcs_13851741.html,02 Jun 2020,6.50 pm
Infosys CEO Salil Parekh's pay package grows 39% YoY in FY20,https://www.moneycontrol.com/news/business/infosys-ceo-salil-parekh39s-pay-package-grows-39-yoyfy20_13851001.html,02 Jun 2020,4.28 pm
Is the constant revolving door at Wipro a reason for its sluggish growth?,https://www.moneycontrol.com/news/business/isconstant-revolving-door-at-wiproreason-for-its-sluggish-growth_13845701.html,01 Jun 2020,9.45 pm
"India's top 100 brands: TCS, Infosys, HCL retain positions in top 10  IT firms, Wipro slips to 11",https://www.moneycontrol.com/news/it/india39s-top-100-brands-tcs-infosys-hcl-retain-positionstop-10it-firms-wipro-slips-to-11_13842221.html,01 Jun 2020,9.00 am
"COVID-19 impact: As AGMs go virtual, shareholders worry about management controls",https://www.moneycontrol.com/news/business/covid-19-impact-as-agms-go-virtual-shareholders-worry-about-management-controls_13840021.html,30 May 2020,4.29 pm
COVID-19 impact | Swanky IT campuses may not lose value despite work from home buzz,https://www.moneycontrol.com/news/business/covid-19-impact-|-swanky-it-campuses-may-not-lose-value-despite-workhome-buzz_13804061.html,21 May 2020,7.48 pm
COVID-19 impact | Touchless technology is the future. But are we ready?,https://www.moneycontrol.com/news/technology/covid-19-impact-|-touchless-technology-isfuture-butwe-ready_13790201.html,18 May 2020,5.40 pm
Coronavirus impact | Indian IT firms may lose revenue as US retail clients struggle to run business: Report,https://www.moneycontrol.com/news/it/coronavirus-impact-|-indian-it-firms-may-lose-revenue-as-us-retail-clients-struggle-to-run-business-report_13773901.html,14 May 2020,11.35 am
"Infosys, NICE Actimize to expand collaboration",https://www.moneycontrol.com/news/business/infosys-nice-actimize-to-expand-collaboration_13771581.html,13 May 2020,6.50 pm
Buy Infosys; target of Rs 750: ICICI Direct,https://www.moneycontrol.com/news/recommendations/buy-infosys-targetrs-750-icici-direct_13739701.html,05 May 2020,3.30 pm
"In the post-COVID-19 world, subcontractors could be more in demand",https://www.moneycontrol.com/news/it/inpost-covid-19-world-subcontractors-could-be-moredemand_13714101.html,27 Apr 2020,6.56 pm
"COVID-19: We'll come out stronger from this situation, says Infosys CEO Salil Parekh",https://www.moneycontrol.com/news/business/covid-19-we39ll-come-out-strongerthis-situation-says-infosys-ceo-salil-parekh_13704641.html,23 Apr 2020,8.20 pm
"In a post COVID-19 world, less business travel could be the new normal",https://www.moneycontrol.com/news/business/inpost-covid-19-world-less-business-travel-could-benew-normal_13700301.html,22 Apr 2020,8.00 pm
"Infosys Q4 analyst call highlights: Client discussions hint at vendor consolidation, may result in better medium-term show",https://www.moneycontrol.com/news/results/infosys-q4-analyst-call-highlights-client-discussions-hint-at-vendor-consolidation-may-resultbetter-medium-term-show_13694801.html,21 Apr 2020,4.25 pm
"IT stocks correct after disappointing earnings by Infosys, Nomura cuts HCL Tech target",https://www.moneycontrol.com/news/buzzing-stocks/it-stocks-correct-after-disappointing-earnings-by-infosys-nomura-cuts-hcl-tech-target_13693881.html,21 Apr 2020,12.58 pm
Infosys slips nearly 4% post Q4 results; brokerages maintain buy,https://www.moneycontrol.com/news/buzzing-stocks/infosys-slips-nearly-4-post-q4-results-brokerages-maintain-buy_13692901.html,21 Apr 2020,9.35 am
"Infosys – Near term clouded, but brighter light at the end of the tunnel",https://www.moneycontrol.com/news/business/infosys-–-near-term-cloudedbrighter-light-atendthe-tunnel_13692621.html,21 Apr 2020,8.36 am
Coronavirus lockdown | IT companies to continue work from home for next few weeks,https://www.moneycontrol.com/news/business/coronavirus-lockdown-|-it-companies-to-continue-workhome-for-next-few-weeks_13692661.html,21 Apr 2020,8.36 am
Freshers' training at Infosys goes virtual amid coronavirus pandemic,https://www.moneycontrol.com/news/business/freshers39-training-at-infosys-goes-virtual-amid-coronavirus-pandemic_13692061.html,20 Apr 2020,10.01 pm
Infosys misses FY20 revenue guidance; 8 takeaways from company's Q4 scorecard,https://www.moneycontrol.com/news/results/infosys-misses-fy20-revenue-guidance-8-takeawayscompany39s-q4-scorecard_13691421.html,20 Apr 2020,6.29 pm
"Infosys Q4: Profit at Rs 4,321 cr, dollar revenue misses estimates, company skips guidance",https://www.moneycontrol.com/news/results/infosys-q4-profit-at-rs-4321-cr-dollar-revenue-misses-estimates-company-skips-guidance_13691241.html,20 Apr 2020,5.26 pm
Infosys shares jump 4% ahead of Q4 earnings,https://www.moneycontrol.com/news/buzzing-stocks/infosys-shares-jump-4-aheadq4-earnings_13689281.html,20 Apr 2020,9.42 am
Infosys to report Q4 numbers today; here's what to watch for,https://www.moneycontrol.com/news/result-poll/infosys-to-report-q4-numbers-today-here39sto-watch-for_13688081.html,19 Apr 2020,1.37 pm
Market Week Ahead: 10 key factors that will keep traders busy,https://www.moneycontrol.com/news/market-edge/market-week-ahead-10-key-factors-that-will-keep-traders-busy_13687821.html,19 Apr 2020,8.05 am
Infosys sacks employee over objectionable 'Coronavirus' post,https://www.moneycontrol.com/news/business/infosys-sacks-employee-over-objectionable-39coronavirus39-post_13621341.html,27 Mar 2020,10.09 pm
"D-Street Buzz: IT stocks surge up to 10%; Infosys, Tech Mahindra, TCS shine",https://www.moneycontrol.com/news/buzzing-stocks/d-street-buzz-it-stocks-surgeto-10-infosys-tech-mahindra-tcs-shine_13607001.html,24 Mar 2020,10.19 am
Infosys completes acquisition of Simplus,https://www.moneycontrol.com/news/business/infosys-completes-acquisitionsimplus_13579121.html,13 Mar 2020,9.35 pm
"Coronavirus: Over 20 lakh employees to work from home, but is India Inc ready?",https://www.moneycontrol.com/news/business/coronavirus-over-20-lakh-employees-to-workhomeis-india-inc-ready_13578301.html,13 Mar 2020,5.26 pm
"Stocks in the news: Infosys, Granules India, Zensar, Biocon, Adani Gas, ABB",https://www.moneycontrol.com/news/stocksnews/stocksthe-news-infosys-granules-india-zensar-biocon-adani-gas-abb_13568181.html,11 Mar 2020,7.39 am
Infosys sacks 3 employees arrested on charges of bribery,https://www.moneycontrol.com/news/business/infosys-sacks-3-employees-arrestedchargesbribery_13566161.html,09 Mar 2020,7.26 pm
"GSTN glitch: Infosys asked to submit resolution plan in 15 days, Nandan Nilekani to make presentation",https://www.moneycontrol.com/news/business/gstn-glitch-infosys-asked-to-submit-resolution-plan15-days-nandan-nilekani-to-make-presentation_13565301.html,09 Mar 2020,2.50 pm
Infosys share price rises order on order win,https://www.moneycontrol.com/news/buzzing-stocks/infosys-share-price-rises-orderorder-win_13549441.html,04 Mar 2020,9.32 am
"Market Headstart: Nifty likely to remain volatile, global cues to dictate the trend",https://www.moneycontrol.com/news/local-markets/market-headstart-nifty-likely-to-remain-volatile-global-cues-to-dictatetrend_13549261.html,04 Mar 2020,8.36 am
"Stocks in the news: Infosys, Tata Motors, Bharti Airtel, Vedanta, Max Financial, NBCC, HFCL",https://www.moneycontrol.com/news/buzzing-stocks/stocksthe-news-infosys-tata-motors-bharti-airtel-vedanta-max-financial-nbcc-hfcl_13548961.html,04 Mar 2020,7.52 am
Trade Setup for Wednesday: Top 14 things to know before Opening Bell,https://www.moneycontrol.com/news/market-cues/trade-setup-for-wednesday-top-14-things-to-know-before-opening-bell_13548541.html,03 Mar 2020,9.06 pm
Infosys inks strategic long-term partnership with K S AG,https://www.moneycontrol.com/news/business/infosys-inks-strategic-long-term-partnershipk-s-ag_13547461.html,03 Mar 2020,4.45 pm
Infosys share price gains as company collaborates with IBM,https://www.moneycontrol.com/news/buzzing-stocks/infosys-share-price-gains-as-company-collaboratesibm_13546861.html,03 Mar 2020,3.05 pm
Infosys joins hands with IBM to launch industry-specific cloud services for businesses,https://www.moneycontrol.com/news/business/infosys-joins-handsibm-to-launch-industry-specific-cloud-services-for-businesses_13544501.html,03 Mar 2020,7.21 am
Infosys pays Rs 6 lakh in compounding fees to settle ex-CFO severance payment row,https://www.moneycontrol.com/news/business/infosys-pays-rs-6-lakhcompounding-fees-to-settle-ex-cfo-severance-payment-row_13544481.html,02 Mar 2020,10.46 pm
"Technology stocks a safe haven at present: Nilesh Shah, Envision Capital",https://www.moneycontrol.com/news/market-outlook/technology-stockssafe-haven-at-present-nilesh-shah-envision-capital_13537801.html,28 Feb 2020,3.27 pm
Infosys allots 2.23 lakh equity shares under 2015 Stock Incentive Compensation Plan,https://www.moneycontrol.com/news/business/infosys-allots-223-lakh-equity-shares-under-2015-stock-incentive-compensation-plan_13536201.html,28 Feb 2020,8.28 am
Infosys grants stock incentives worth Rs 3.25cr to CEO Salil Parekh,https://www.moneycontrol.com/news/business/infosys-grants-stock-incentives-worth-rs-325cr-to-ceo-salil-parekh_13532041.html,27 Feb 2020,8.20 am
IT stocks gain strength as rupee hits 7-week low,https://www.moneycontrol.com/news/buzzing-stocks/it-stocks-gain-strength-as-rupee-hits-7-week-low_13522141.html,24 Feb 2020,12.02 pm
Infosys inks deal with GE Appliances,https://www.moneycontrol.com/news/business/infosys-inks-dealge-appliances_13509381.html,18 Feb 2020,10.20 pm
Infosys to spend $250mn to acquire Simplus,https://www.moneycontrol.com/news/business/infosys-to-spend-36250mn-to-acquire-simplus_13481321.html,12 Feb 2020,8.37 am
"SEBI bets big on tech; shortlists IBM India, Infy, Wipro, others for data analytics project",https://www.moneycontrol.com/news/business/sebi-bets-bigtech-shortlists-ibm-india-infy-wipro-others-for-data-analytics-project_13479681.html,10 Feb 2020,6.25 pm
"Market Headstart: Nifty likely to head towards 12,200; Lupin, Hero Moto earnings in focus",https://www.moneycontrol.com/news/market-edge/market-headstart-nifty-likely-to-head-towards-12200-lupin-hero-moto-earningsfocus_13468561.html,07 Feb 2020,8.23 am
Share issuance on conversion of restricted stock options allowed: SEBI,https://www.moneycontrol.com/news/business/share-issuanceconversionrestricted-stock-options-allowed-sebi_13454941.html,04 Feb 2020,7.30 pm
Infosys to give fresh digital experiences to Australian Open fans,https://www.moneycontrol.com/news/business/infosys-to-give-fresh-digital-experiences-to-australian-open-fans_13437021.html,31 Jan 2020,3.33 pm
Infosys receives ISO 27701 accredited certification,https://www.moneycontrol.com/news/business/infosys-receives-iso-27701-accredited-certification_13436881.html,31 Jan 2020,3.20 pm
Infosys signs multi-million contract with ABN AMRO,https://www.moneycontrol.com/news/business/infosys-signs-multi-million-contractabn-amro_13428601.html,30 Jan 2020,5.00 pm
"Infosys has a strong deal pipeline, says CEO Salil Parekh",https://www.moneycontrol.com/news/business/infosys-hasstrong-deal-pipeline-says-ceo-salil-parekh_13385661.html,22 Jan 2020,4.02 pm
"Infosys, Cadila Health among 5 stocks where brokerages raise target; here's why",https://www.moneycontrol.com/news/stocks-views/infosys-cadila-health-among-5-stocksbrokerages-raise-target-here39s-why_13364141.html,16 Jan 2020,1.40 pm
Buy Infosys; target of Rs 890: ICICI Direct,https://www.moneycontrol.com/news/recommendations/buy-infosys-targetrs-890-icici-direct_13354341.html,14 Jan 2020,11.20 am
Buy Infosys target of Rs 820: Sharekhan,https://www.moneycontrol.com/news/recommendations/buy-infosys-targetrs-820-sharekhan_13354181.html,14 Jan 2020,10.46 am
Buy Infosys; target of Rs 820: Prabhudas Lilladher,https://www.moneycontrol.com/news/recommendations/buy-infosys-targetrs-820-prabhudas-lilladher_13354121.html,14 Jan 2020,10.40 am
Infosys Q3: Clean chit on whistle-blower complaint and healthy financials pave the way for rerating,https://www.moneycontrol.com/news/business/infosys-q3-clean-chitwhistle-blower-complainthealthy-financials-paveway-for-rerating_13350101.html,13 Jan 2020,10.18 am
Infosys share price gains 5% on guidance revision; here's what brokerages say,https://www.moneycontrol.com/news/buzzing-stocks/infosys-share-price-gains-5guidance-revision-here39sbrokerages-say_13349901.html,13 Jan 2020,9.35 am
"Stocks in the news: Infosys, Yes Bank, Delta Corp, HCC, Tata Steel, ILandFS Engg, Lupin",https://www.moneycontrol.com/news/stocksnews/stocksthe-news-infosys-yes-bank-delta-corp-hcc-tata-steel-ilandfs-engg-lupin_13349221.html,13 Jan 2020,7.47 am
'December quarter earnings and Budget 2020 will keep Nifty extremely volatile',https://www.moneycontrol.com/news/market-outlook/39december-quarter-earningsbudget-2020-will-keep-nifty-extremely-volatile39_13348641.html,12 Jan 2020,8.33 am
"Will it be a big rally in Infosys tomorrow after Q3 earnings, guidance and audit committee report?",https://www.moneycontrol.com/news/market-edge/will-it-bebig-rallyinfosys-tomorrow-after-q3-earnings-guidanceaudit-committee-report_13348521.html,12 Jan 2020,8.00 am
Market Week Ahead: 10 key factors that will keep traders busy,https://www.moneycontrol.com/news/market-edge/market-week-ahead-10-key-factors-that-will-keep-traders-busy_13348481.html,12 Jan 2020,7.45 am
Infosys Q3 earnings a mixed bag; check 12 key highlights from conference call,https://www.moneycontrol.com/news/results/infosys-q3-earningsmixed-bag-check-12-key-highlightsconference-call_13348221.html,11 Jan 2020,3.34 pm
Are the whistleblowers really Infosys employees? Nandan Nilekani asks,https://www.moneycontrol.com/news/business/arewhistleblowers-really-infosys-employees-nandan-nilekani-asks_13347201.html,10 Jan 2020,9.10 pm
"Infosys Q3 profit jumps 11%, raises FY20 revenue guidance to 10-10.5%",https://www.moneycontrol.com/news/results/infosys-q3-profit-jumps-11-raises-fy20-revenue-guidance-to-10-105_13346381.html,10 Jan 2020,4.31 pm
Infosys stock gains 2% ahead of its Q3 earnings today,https://www.moneycontrol.com/news/buzzing-stocks/infosys-stock-gains-2-aheadits-q3-earnings-today_13345441.html,10 Jan 2020,12.59 pm
Infosys to announce Q3 earnings on January 10; here are key things to watch out for,https://www.moneycontrol.com/news/result-poll/infosys-to-announce-q3-earningsjanuary-10-herekey-things-to-watch-out-for_13341181.html,09 Jan 2020,11.30 am
Education system should be oriented towards problem-solving: Narayana Murthy,https://www.moneycontrol.com/news/business/education-system-should-be-oriented-towards-problem-solving-narayana-murthy_13338141.html,08 Jan 2020,1.39 pm
L&T Infotech Q3 PAT seen up 1.2% QoQ to Rs. 364.5 cr: Motilal Oswal,https://www.moneycontrol.com/news/technology/lt-infotech-q3-pat-seen12-qoq-to-rs-3645-cr-motilal-oswal_13333681.html,07 Jan 2020,11.43 am
"Infosys Q3 PAT seen up 6.9% QoQ to Rs. 4,297.9 cr: Motilal Oswal",https://www.moneycontrol.com/news/technology/infosys-q3-pat-seen69-qoq-to-rs-42979-cr-motilal-oswal_13333621.html,07 Jan 2020,11.27 am
Infosys to announce Q3FY20 earnings next week; share price rises 1%,https://www.moneycontrol.com/news/buzzing-stocks/infosys-to-announce-q3fy20-earnings-next-week-share-price-rises-1_13317621.html,01 Jan 2020,10.36 am
